AC-690A CAR (2),,,,,,
AEM-2 SAGE I (2),,,,,,
Aqua AIRS (95),,,,,,
Aqua AMSR-E (20),,,,,,
Aqua AMSU-A (37),,,,,,
Aqua HSB (13),,,,,,
Aqua MODIS (39),,,,,,
Aura HIRDLS (16),,,,,,
Aura MLS (122),,,,,,
Aura OMI (60),,,,,,
C-131A CAR (14),,,,,,
CORIOLIS WINDSAT (3),,,,,,
COSMIC/FORMOSAT-3 RO (2),,,,,,
CloudSat CloudSat-CPR (3),,,,,,
Convair-580 CAR (4),,,,,,
EP-TOMS SEAWIFS (2),,,,,,
EP-TOMS TOMS (17),,,,,,
ERBS SAGE II (2),,,,,,
GCOM-W1 AMSR2 (21),,,,,,
GMS INFRARED RADIOMETERS (1),,,,,,
GMS VISSR-GMS (2),,,,,,
GMS WVSS (1),,,,,,
GOES AVHRR (2),,,,,,
GOES GOES I-M Imager (1),,,,,,
GOES GOES I-M SOUNDER (1),,,,,,
GOES GOES-15 Imager (2),,,,,,
GOES GOES-16 Imager (2),,,,,,
GOES INFRARED RADIOMETERS (1),,,,,,
GOSAT TANSO-FTS (7),,,,,,
GPM DPR (21),,,,,,
GPM GMI (26),,,,,,
Himawari-8 AHI (2),,,,,,
ISS OCO-3 (22),,,,,,
J-31 CAR (4),,,,,,
METEOROLOGICAL STATIONS RAIN GAUGES (2),,,,,,
METEOSAT INFRARED RADIOMETERS (1),,,,,,
METEOSAT SEVIRI (1),,,,,,
METEOSAT VISSR-METEOSAT (2),,,,,,
METOP-A MHS (8),,,,,,
METOP-B MHS (8),,,,,,
METOP-C MHS (7),,,,,,
MT1 SAPHIR (7),,,,,,
MTSAT MTSAT 1R Imager (2),,,,,,
MTSAT MTSAT 2 Imager (2),,,,,,
MTSAT-1R INFRARED RADIOMETERS (1),,,,,,
MTSAT-2 INFRARED RADIOMETERS (1),,,,,,
Meteor-3 TOMS (4),,,,,,
Meteor-3M SAGE III (2),,,,,,
Models/Analyses BLING (1),,,,,,
Models/Analyses CASA-GFED3-V2 (4),,,,,,
Models/Analyses CASA-GFED3-V3 (3),,,,,,
Models/Analyses CLM-LSM (1),,,,,,
Models/Analyses CMS-Flux-V1 (5),,,,,,
Models/Analyses Catchment-LSM (10),,,,,,
Models/Analyses ECCO2_Darwin-V3 (1),,,,,,
Models/Analyses Environmental_Modeling (2),,,,,,
Models/Analyses FFDAS-V2 (1),,,,,,
Models/Analyses Forcing-LSM (7),,,,,,
Models/Analyses GDAS (1),,,,,,
Models/Analyses GEOS-5 (2),,,,,,
Models/Analyses GEOS-Chem (2),,,,,,
Models/Analyses GLPM (6),,,,,,
Models/Analyses IMERG (8),,,,,,
Models/Analyses LANDMET (5),,,,,,
Models/Analyses MERRA (215),,,,,,
Models/Analyses MERRA-2 (95),,,,,,
Models/Analyses MITgcm (1),,,,,,
Models/Analyses Merged IR (1),,,,,,
Models/Analyses Mosaic-LSM (5),,,,,,
Models/Analyses NCEP-CFSV2 (6),,,,,,
Models/Analyses NCEP-GFS (4),,,,,,
Models/Analyses NOBM (2),,,,,,
Models/Analyses Noah-LSM (22),,,,,,
Models/Analyses OBSERVATION_BASED (2),,,,,,
Models/Analyses Penman-Monteith (1),,,,,,
Models/Analyses RM-OBS/PU (1),,,,,,
Models/Analyses TMPA (9),,,,,,
Models/Analyses Unified_Model_UM (1),,,,,,
Models/Analyses VIC-LSM (10),,,,,,
NASA P-3 CAR (6),,,,,,
NOAA POES HIRS (1),,,,,,
NOAA POES TOVS (2),,,,,,
NOAA-10 HIRS/2 (6),,,,,,
NOAA-10 MSU (10),,,,,,
NOAA-10 TOVS (6),,,,,,
NOAA-11 HIRS/2 (4),,,,,,
NOAA-11 MSU (8),,,,,,
NOAA-11 SBUV/2 (8),,,,,,
NOAA-11 TOVS (4),,,,,,
NOAA-12 HIRS/2 (8),,,,,,
NOAA-12 MSU (12),,,,,,
NOAA-12 TOVS (8),,,,,,
NOAA-14 HIRS/2 (1),,,,,,
NOAA-14 MSU (1),,,,,,
NOAA-14 SBUV/2 (7),,,,,,
NOAA-14 TOVS (1),,,,,,
NOAA-15 AMSU-B (5),,,,,,
NOAA-16 AMSU-B (5),,,,,,
NOAA-16 SBUV/2 (8),,,,,,
NOAA-17 AMSU-B (5),,,,,,
NOAA-17 SBUV/2 (3),,,,,,
NOAA-18 MHS (8),,,,,,
NOAA-18 SBUV/2 (7),,,,,,
NOAA-19 MHS (8),,,,,,
NOAA-19 SBUV/2 (5),,,,,,
NOAA-19 TOMS (2),,,,,,
NOAA-20 ATMS (10),,,,,,
NOAA-20 CrIS (3),,,,,,
NOAA-6 HIRS/2 (1),,,,,,
NOAA-6 MSU (5),,,,,,
NOAA-6 TOVS (1),,,,,,
NOAA-7 HIRS/2 (1),,,,,,
NOAA-7 MSU (5),,,,,,
NOAA-7 TOVS (1),,,,,,
NOAA-8 HIRS/2 (1),,,,,,
NOAA-8 MSU (1),,,,,,
NOAA-8 TOVS (1),,,,,,
NOAA-9 HIRS/2 (4),,,,,,
NOAA-9 MSU (8),,,,,,
NOAA-9 SBUV/2 (8),,,,,,
NOAA-9 TOVS (4),,,,,,
NPOESS WINDSAT (3),,,,,,
NRL P-3 CAR (2),,,,,,
Nimbus-1 HRIR (2),,,,,,
Nimbus-2 HRIR (2),,,,,,
Nimbus-2 MRIR (2),,,,,,
Nimbus-3 HRIR (2),,,,,,
Nimbus-3 MRIR (2),,,,,,
Nimbus-3 SIRS (1),,,,,,
Nimbus-4 BUV (10),,,,,,
Nimbus-4 IRIS (1),,,,,,
Nimbus-4 SCR (2),,,,,,
Nimbus-4 SIRS (1),,,,,,
Nimbus-4 THIR (3),,,,,,
Nimbus-5 ESMR (2),,,,,,
Nimbus-5 SCR (2),,,,,,
Nimbus-5 THIR (2),,,,,,
Nimbus-6 HIRS (1),,,,,,
Nimbus-6 LRIR (1),,,,,,
Nimbus-6 PMR (1),,,,,,
Nimbus-6 SCAMS (1),,,,,,
Nimbus-6 THIR (3),,,,,,
Nimbus-7 LIMS (4),,,,,,
Nimbus-7 SAMS (2),,,,,,
Nimbus-7 SBUV (8),,,,,,
Nimbus-7 SMMR (1),,,,,,
Nimbus-7 THIR (3),,,,,,
Nimbus-7 TOMS (20),,,,,,
OCO-2 OCO SPECTROMETERS (2),,,,,,
OCO-2 OCO-2 (36),,,,,,
OrbView-2 SEAWIFS (9),,,,,,
PARASOL POLDER-1 (1),,,,,,
SCISAT-1/ACE ACE-FTS (10),,,,,,
SHIPS RAIN GAUGES (2),,,,,,
SMS-1 VISSR (2),,,,,,
SMS-2 VISSR (2),,,,,,
SORCE SIM (1),,,,,,
SORCE SOLSTICE (2),,,,,,
SORCE TIM (2),,,,,,
SORCE XPS (2),,,,,,
STPSat-3 TIM (2),,,,,,
STS-34 SSBUV (2),,,,,,
STS-41 SSBUV (2),,,,,,
STS-43 SSBUV (2),,,,,,
STS-45 SSBUV (2),,,,,,
STS-56 SSBUV (2),,,,,,
STS-62 SSBUV (2),,,,,,
STS-66 SSBUV (2),,,,,,
STS-72 SSBUV (2),,,,,,
SUOMI-NPP ATMS (22),,,,,,
SUOMI-NPP CrIS (17),,,,,,
SUOMI-NPP OMPS (17),,,,,,
Sentinel-5P TROPOMI (48),,,,,,
TIROS-N HIRS/2 (4),,,,,,
TIROS-N MSU (8),,,,,,
TIROS-N TOVS (4),,,,,,
TRMM PR (31),,,,,,
TRMM TMI (30),,,,,,
TRMM VIRS (5),,,,,,
TSIS-1 SIM (2),,,,,,
TSIS-1 TIM (2),,,,,,
TSX RO (2),,,,,,
Terra MODIS (4),,,,,,
UARS CLAES (2),,,,,,
UARS HALOE (8),,,,,,
UARS HRDI (2),,,,,,
UARS ISAMS (2),,,,,,
UARS MLS (8),,,,,,
UARS PEM (9),,,,,,
UARS SOLSTICE (1),,,,,,
UARS SUSIM (1),,,,,,
UARS WINDII (2),,,,,,