CO2,CARBON DIOXIDE
CO,CARBON MONOXIDE
CHLORINATED HYDROCARBONS,
CH2O,FORMALDEHYDE
HCN,HYDROGEN CYANIDE
CL2O,HYPOCHLOROUS MONOXIDE
CH4,METHANE
CH3CN,METHYL CYANIDE
NON-METHANE HYDROCARBONS,
VOCS,VOLATILE ORGANIC COMPOUNDS
BRO,BROMINE MONOXIDE
CCL4,CARBON TETRACHLORIDE
CL2O,CHLORINE DIOXIDE
CLO,CHLORINE MONOXIDE
CLNO3,CHLORINE NITRATE
CFCS,CHLOROFLUOROCARBONS
HALOCARBONS,
HALONS,
HCFCS,HYDROCHLOROFLUOROCARBONS
HFCS,HYDROFLUOROCARBONS
HCL,HYDROGEN CHLORIDE
HF,HYDROGEN FLUORIDE
HCLO,HYPOCHLOROUS ACID
CH3OH,METHANOL
CH3BR,METHYL BROMIDE
CH3CL,METHYL CHLORIDE
HO2,HYDROPEROXY
OH,HYDROXYL
NH3,AMMONIA
CLOUD-SCREENED TOTAL COLUMN NITROGEN DIOXIDE,
CLOUD-SCREENED TROPOSHERIC COLUMN NO2,
N2O5,DINITROGEN PENTOXIDE
MOLECULAR NITROGEN,
HNO3,NITRIC ACID
NO,NITRIC OXIDE
NO2,NITROGEN DIOXIDE
NOX,NITROGEN OXIDES
N2O,NITROUS OXIDE
PEROXYACYL NITRATE,
MOLECULAR OXYGEN,
O3,OZONE
COS,CARBONYL SULFIDE
C2H6S,DIMETHYL SULFIDE
SO4,SULFATE
SO2,SULFUR DIOXIDE
SOX,SULFUR OXIDES
H2O,WATER VAPOR
BRO,BROMINE
T,TEMPERATURE
GPH,GEOPOTENTIAL HEIGHT
N2O,NITROUS DIOXIDE
IWC,ICE WATER CONTENT
OH,HYDROXIDE
HCL,HYDROCHLORIC ACID
RHI,RELATIVE HUMIDITY INDEX
HOCL,HYPOCHLOROUS ACID
CLO,CHLORINE MONOXIDE
